{"v":"5.7.4","fr":30,"ip":0,"op":105,"w":1200,"h":1200,"nm":"Composizione 1","ddd":0,"assets":[{"id":"comp_0","layers":[{"ddd":0,"ind":1,"ty":4,"nm":"Livello forma 5","sr":1,"ks":{"o":{"a":0,"k":100,"ix":11},"r":{"a":1,"k":[{"i":{"x":[0.833],"y":[0.833]},"o":{"x":[0.167],"y":[0.167]},"t":66,"s":[0]},{"t":96,"s":[23]}],"ix":10},"p":{"a":0,"k":[914,652,0],"ix":2,"l":2},"a":{"a":0,"k":[-42,99,0],"ix":1,"l":2},"s":{"a":0,"k":[100,100,100],"ix":6,"l":2}},"ao":0,"shapes":[{"ty":"gr","it":[{"ind":0,"ty":"sh","ix":1,"ks":{"a":0,"k":{"i":[[0,0],[31.182,-51.353],[-22.922,-16.81],[-24.698,53.451]],"o":[[0,0],[-27.298,44.957],[30,22],[21.49,-46.508]],"v":[[88,-108],[-24.702,-22.957],[-50,102],[56.698,26.549]],"c":true},"ix":2},"nm":"Tracciato 1","mn":"ADBE Vector Shape - Group","hd":false},{"ty":"st","c":{"a":0,"k":[0.37254901960784315,0.5882352941176471,0.7058823529411765,1],"ix":3},"o":{"a":0,"k":100,"ix":4},"w":{"a":0,"k":1,"ix":5},"lc":1,"lj":1,"ml":4,"bm":0,"nm":"Traccia 1","mn":"ADBE Vector Graphic - Stroke","hd":false},{"ty":"fl","c":{"a":0,"k":[0.37254901960784315,0.5882352941176471,0.7058823529411765,1],"ix":4},"o":{"a":0,"k":100,"ix":5},"r":1,"bm":0,"nm":"Riempimento 1","mn":"ADBE Vector Graphic - Fill","hd":false},{"ty":"tr","p":{"a":0,"k":[0,0],"ix":2},"a":{"a":0,"k":[0,0],"ix":1},"s":{"a":0,"k":[100,100],"ix":3},"r":{"a":0,"k":0,"ix":6},"o":{"a":0,"k":100,"ix":7},"sk":{"a":0,"k":0,"ix":4},"sa":{"a":0,"k":0,"ix":5},"nm":"Trasformazione"}],"nm":"Forma 1","np":3,"cix":2,"bm":0,"ix":1,"mn":"ADBE Vector Group","hd":false}],"ip":0,"op":900,"st":0,"bm":0},{"ddd":0,"ind":2,"ty":4,"nm":"Livello forma 4","sr":1,"ks":{"o":{"a":0,"k":100,"ix":11},"r":{"a":1,"k":[{"i":{"x":[0.833],"y":[0.833]},"o":{"x":[0.167],"y":[0.167]},"t":66,"s":[0]},{"t":96,"s":[-18]}],"ix":10},"p":{"a":0,"k":[911,653,0],"ix":2,"l":2},"a":{"a":0,"k":[-42,99,0],"ix":1,"l":2},"s":{"a":0,"k":[100,100,100],"ix":6,"l":2}},"ao":0,"shapes":[{"ty":"gr","it":[{"ind":0,"ty":"sh","ix":1,"ks":{"a":0,"k":{"i":[[0,0],[31.182,-51.353],[-22.922,-16.81],[-24.698,53.451]],"o":[[0,0],[-27.298,44.957],[30,22],[21.49,-46.508]],"v":[[88,-108],[-24.702,-22.957],[-50,102],[56.698,26.549]],"c":true},"ix":2},"nm":"Tracciato 1","mn":"ADBE Vector Shape - Group","hd":false},{"ty":"st","c":{"a":0,"k":[0.37254901960784315,0.5882352941176471,0.7058823529411765,1],"ix":3},"o":{"a":0,"k":100,"ix":4},"w":{"a":0,"k":1,"ix":5},"lc":1,"lj":1,"ml":4,"bm":0,"nm":"Traccia 1","mn":"ADBE Vector Graphic - Stroke","hd":false},{"ty":"fl","c":{"a":0,"k":[0.37254901960784315,0.5882352941176471,0.7058823529411765,1],"ix":4},"o":{"a":0,"k":100,"ix":5},"r":1,"bm":0,"nm":"Riempimento 1","mn":"ADBE Vector Graphic - Fill","hd":false},{"ty":"tr","p":{"a":0,"k":[0,0],"ix":2},"a":{"a":0,"k":[0,0],"ix":1},"s":{"a":0,"k":[100,100],"ix":3},"r":{"a":0,"k":0,"ix":6},"o":{"a":0,"k":100,"ix":7},"sk":{"a":0,"k":0,"ix":4},"sa":{"a":0,"k":0,"ix":5},"nm":"Trasformazione"}],"nm":"Forma 1","np":3,"cix":2,"bm":0,"ix":1,"mn":"ADBE Vector Group","hd":false}],"ip":0,"op":900,"st":0,"bm":0},{"ddd":0,"ind":3,"ty":4,"nm":"Livello forma 9","sr":1,"ks":{"o":{"a":1,"k":[{"i":{"x":[0.833],"y":[0.833]},"o":{"x":[0.167],"y":[0.167]},"t":79.2,"s":[0]},{"t":80.4,"s":[100]}],"ix":11},"r":{"a":0,"k":0,"ix":10},"p":{"a":0,"k":[1007,478,0],"ix":2,"l":2},"a":{"a":0,"k":[143.86,-56.031,0],"ix":1,"l":2},"s":{"a":0,"k":[48,48,100],"ix":6,"l":2}},"ao":0,"shapes":[{"ty":"gr","it":[{"d":1,"ty":"el","s":{"a":0,"k":[26.171,26.171],"ix":2},"p":{"a":0,"k":[0,0],"ix":3},"nm":"Tracciato ellisse 1","mn":"ADBE Vector Shape - Ellipse","hd":false},{"ty":"fl","c":{"a":0,"k":[0.12941176470588237,0.12156862745098039,0.12156862745098039,1],"ix":4},"o":{"a":0,"k":100,"ix":5},"r":1,"bm":0,"nm":"Riempimento 1","mn":"ADBE Vector Graphic - Fill","hd":false},{"ty":"tr","p":{"a":0,"k":[131.818,-71.041],"ix":2},"a":{"a":0,"k":[-11.276,-0.407],"ix":1},"s":{"a":0,"k":[100,100],"ix":3},"r":{"a":0,"k":0,"ix":6},"o":{"a":0,"k":100,"ix":7},"sk":{"a":0,"k":0,"ix":4},"sa":{"a":0,"k":0,"ix":5},"nm":"Trasformazione"}],"nm":"Ellisse 1","np":2,"cix":2,"bm":0,"ix":1,"mn":"ADBE Vector Group","hd":false}],"ip":0,"op":900,"st":0,"bm":0},{"ddd":0,"ind":4,"ty":4,"nm":"Livello forma 8","sr":1,"ks":{"o":{"a":1,"k":[{"i":{"x":[0.833],"y":[0.833]},"o":{"x":[0.167],"y":[0.167]},"t":79.2,"s":[0]},{"t":80.4,"s":[100]}],"ix":11},"r":{"a":0,"k":0,"ix":10},"p":{"a":0,"k":[1061,487,0],"ix":2,"l":2},"a":{"a":0,"k":[133.443,-69.572,0],"ix":1,"l":2},"s":{"a":0,"k":[48,48,100],"ix":6,"l":2}},"ao":0,"shapes":[{"ty":"gr","it":[{"d":1,"ty":"el","s":{"a":0,"k":[26.171,26.171],"ix":2},"p":{"a":0,"k":[0,0],"ix":3},"nm":"Tracciato ellisse 1","mn":"ADBE Vector Shape - Ellipse","hd":false},{"ty":"fl","c":{"a":0,"k":[0.12941176470588237,0.12156862745098039,0.12156862745098039,1],"ix":4},"o":{"a":0,"k":100,"ix":5},"r":1,"bm":0,"nm":"Riempimento 1","mn":"ADBE Vector Graphic - Fill","hd":false},{"ty":"tr","p":{"a":0,"k":[131.818,-71.041],"ix":2},"a":{"a":0,"k":[-11.276,-0.407],"ix":1},"s":{"a":0,"k":[100,100],"ix":3},"r":{"a":0,"k":0,"ix":6},"o":{"a":0,"k":100,"ix":7},"sk":{"a":0,"k":0,"ix":4},"sa":{"a":0,"k":0,"ix":5},"nm":"Trasformazione"}],"nm":"Ellisse 1","np":2,"cix":2,"bm":0,"ix":1,"mn":"ADBE Vector Group","hd":false}],"ip":0,"op":900,"st":0,"bm":0},{"ddd":0,"ind":5,"ty":4,"nm":"Livello forma 7","sr":1,"ks":{"o":{"a":1,"k":[{"i":{"x":[0.833],"y":[0.833]},"o":{"x":[0.167],"y":[0.167]},"t":79.2,"s":[0]},{"t":80.4,"s":[100]}],"ix":11},"r":{"a":0,"k":0,"ix":10},"p":{"a":0,"k":[960,540,0],"ix":2,"l":2},"a":{"a":0,"k":[0,0,0],"ix":1,"l":2},"s":{"a":0,"k":[100,100,100],"ix":6,"l":2}},"ao":0,"shapes":[{"ty":"gr","it":[{"ind":0,"ty":"sh","ix":1,"ks":{"a":0,"k":{"i":[[0,0],[6,28]],"o":[[0,0],[-6,-28]],"v":[[14,16],[47,-63]],"c":false},"ix":2},"nm":"Tracciato 1","mn":"ADBE Vector Shape - Group","hd":false},{"ty":"st","c":{"a":0,"k":[0.12941176470588237,0.12156862745098039,0.12156862745098039,1],"ix":3},"o":{"a":0,"k":100,"ix":4},"w":{"a":0,"k":5,"ix":5},"lc":2,"lj":2,"bm":0,"nm":"Traccia 1","mn":"ADBE Vector Graphic - Stroke","hd":false},{"ty":"tr","p":{"a":0,"k":[0,0],"ix":2},"a":{"a":0,"k":[0,0],"ix":1},"s":{"a":0,"k":[100,100],"ix":3},"r":{"a":0,"k":0,"ix":6},"o":{"a":0,"k":100,"ix":7},"sk":{"a":0,"k":0,"ix":4},"sa":{"a":0,"k":0,"ix":5},"nm":"Trasformazione"}],"nm":"Forma 1","np":2,"cix":2,"bm":0,"ix":1,"mn":"ADBE Vector Group","hd":false}],"ip":0,"op":900,"st":0,"bm":0},{"ddd":0,"ind":6,"ty":4,"nm":"Livello forma 6","sr":1,"ks":{"o":{"a":1,"k":[{"i":{"x":[0.833],"y":[0.833]},"o":{"x":[0.167],"y":[0.167]},"t":79.2,"s":[0]},{"t":80.4,"s":[100]}],"ix":11},"r":{"a":0,"k":0,"ix":10},"p":{"a":0,"k":[973,537,0],"ix":2,"l":2},"a":{"a":0,"k":[0,0,0],"ix":1,"l":2},"s":{"a":0,"k":[100,100,100],"ix":6,"l":2}},"ao":0,"shapes":[{"ty":"gr","it":[{"ind":0,"ty":"sh","ix":1,"ks":{"a":0,"k":{"i":[[0,0],[-70,6]],"o":[[0,0],[70,-6]],"v":[[-1,39],[89,-51]],"c":false},"ix":2},"nm":"Tracciato 1","mn":"ADBE Vector Shape - Group","hd":false},{"ty":"st","c":{"a":0,"k":[0.12941176470588237,0.12156862745098039,0.12156862745098039,1],"ix":3},"o":{"a":0,"k":100,"ix":4},"w":{"a":0,"k":5,"ix":5},"lc":2,"lj":2,"bm":0,"nm":"Traccia 1","mn":"ADBE Vector Graphic - Stroke","hd":false},{"ty":"tr","p":{"a":0,"k":[0,0],"ix":2},"a":{"a":0,"k":[0,0],"ix":1},"s":{"a":0,"k":[100,100],"ix":3},"r":{"a":0,"k":0,"ix":6},"o":{"a":0,"k":100,"ix":7},"sk":{"a":0,"k":0,"ix":4},"sa":{"a":0,"k":0,"ix":5},"nm":"Trasformazione"}],"nm":"Forma 1","np":2,"cix":2,"bm":0,"ix":1,"mn":"ADBE Vector Group","hd":false}],"ip":0,"op":900,"st":0,"bm":0},{"ddd":0,"ind":7,"ty":4,"nm":"Livello forma 3","sr":1,"ks":{"o":{"a":0,"k":100,"ix":11},"r":{"a":1,"k":[{"i":{"x":[0.833],"y":[0.833]},"o":{"x":[0.167],"y":[0.167]},"t":66,"s":[-3]},{"t":97.2,"s":[42]}],"ix":10},"p":{"a":0,"k":[916,644,0],"ix":2,"l":2},"a":{"a":0,"k":[-49.219,96.884,0],"ix":1,"l":2},"s":{"a":0,"k":[100,100,100],"ix":6,"l":2}},"ao":0,"shapes":[{"ty":"gr","it":[{"ind":0,"ty":"sh","ix":1,"ks":{"a":0,"k":{"i":[[0,0],[31.182,-51.353],[-22.922,-16.81],[-24.698,53.451]],"o":[[0,0],[-27.298,44.957],[30,22],[21.49,-46.508]],"v":[[88,-108],[-24.702,-22.957],[-50,102],[56.698,26.549]],"c":true},"ix":2},"nm":"Tracciato 1","mn":"ADBE Vector Shape - Group","hd":false},{"ty":"st","c":{"a":0,"k":[0.37254901960784315,0.5882352941176471,0.7058823529411765,1],"ix":3},"o":{"a":0,"k":100,"ix":4},"w":{"a":0,"k":1,"ix":5},"lc":1,"lj":1,"ml":4,"bm":0,"nm":"Traccia 1","mn":"ADBE Vector Graphic - Stroke","hd":false},{"ty":"fl","c":{"a":0,"k":[0.37254901960784315,0.5882352941176471,0.7058823529411765,1],"ix":4},"o":{"a":0,"k":100,"ix":5},"r":1,"bm":0,"nm":"Riempimento 1","mn":"ADBE Vector Graphic - Fill","hd":false},{"ty":"tr","p":{"a":0,"k":[0,0],"ix":2},"a":{"a":0,"k":[0,0],"ix":1},"s":{"a":0,"k":[100,100],"ix":3},"r":{"a":0,"k":0,"ix":6},"o":{"a":0,"k":100,"ix":7},"sk":{"a":0,"k":0,"ix":4},"sa":{"a":0,"k":0,"ix":5},"nm":"Trasformazione"}],"nm":"Forma 1","np":3,"cix":2,"bm":0,"ix":1,"mn":"ADBE Vector Group","hd":false}],"ip":0,"op":900,"st":0,"bm":0},{"ddd":0,"ind":8,"ty":4,"nm":"Livello forma 2","sr":1,"ks":{"o":{"a":0,"k":100,"ix":11},"r":{"a":0,"k":1,"ix":10},"p":{"a":0,"k":[916,643,0],"ix":2,"l":2},"a":{"a":0,"k":[-41.954,101.832,0],"ix":1,"l":2},"s":{"a":0,"k":[100,100,100],"ix":6,"l":2}},"ao":0,"shapes":[{"ty":"gr","it":[{"ind":0,"ty":"sh","ix":1,"ks":{"a":0,"k":{"i":[[0,0],[31.182,-51.353],[-22.922,-16.81],[-24.698,53.451]],"o":[[0,0],[-27.298,44.957],[30,22],[21.49,-46.508]],"v":[[88,-108],[-24.702,-22.957],[-50,102],[56.698,26.549]],"c":true},"ix":2},"nm":"Tracciato 1","mn":"ADBE Vector Shape - Group","hd":false},{"ty":"st","c":{"a":0,"k":[0.37254901960784315,0.5882352941176471,0.7058823529411765,1],"ix":3},"o":{"a":0,"k":100,"ix":4},"w":{"a":0,"k":1,"ix":5},"lc":1,"lj":1,"ml":4,"bm":0,"nm":"Traccia 1","mn":"ADBE Vector Graphic - Stroke","hd":false},{"ty":"fl","c":{"a":0,"k":[0.37254901960784315,0.5882352941176471,0.7058823529411765,1],"ix":4},"o":{"a":0,"k":100,"ix":5},"r":1,"bm":0,"nm":"Riempimento 1","mn":"ADBE Vector Graphic - Fill","hd":false},{"ty":"tr","p":{"a":0,"k":[0,0],"ix":2},"a":{"a":0,"k":[0,0],"ix":1},"s":{"a":0,"k":[100,100],"ix":3},"r":{"a":0,"k":0,"ix":6},"o":{"a":0,"k":100,"ix":7},"sk":{"a":0,"k":0,"ix":4},"sa":{"a":0,"k":0,"ix":5},"nm":"Trasformazione"}],"nm":"Forma 1","np":3,"cix":2,"bm":0,"ix":1,"mn":"ADBE Vector Group","hd":false}],"ip":0,"op":900,"st":0,"bm":0},{"ddd":0,"ind":9,"ty":4,"nm":"Livello forma 1","sr":1,"ks":{"o":{"a":0,"k":100,"ix":11},"r":{"a":1,"k":[{"i":{"x":[0.833],"y":[0.833]},"o":{"x":[0.167],"y":[0.167]},"t":66,"s":[0]},{"t":97.2,"s":[-38]}],"ix":10},"p":{"a":0,"k":[918,639,0],"ix":2,"l":2},"a":{"a":0,"k":[-42,99,0],"ix":1,"l":2},"s":{"a":0,"k":[100,100,100],"ix":6,"l":2}},"ao":0,"shapes":[{"ty":"gr","it":[{"ind":0,"ty":"sh","ix":1,"ks":{"a":0,"k":{"i":[[0,0],[31.182,-51.353],[-22.922,-16.81],[-24.698,53.451]],"o":[[0,0],[-27.298,44.957],[30,22],[21.49,-46.508]],"v":[[88,-108],[-24.702,-22.957],[-50,102],[56.698,26.549]],"c":true},"ix":2},"nm":"Tracciato 1","mn":"ADBE Vector Shape - Group","hd":false},{"ty":"st","c":{"a":0,"k":[0.37254901960784315,0.5882352941176471,0.7058823529411765,1],"ix":3},"o":{"a":0,"k":100,"ix":4},"w":{"a":0,"k":1,"ix":5},"lc":1,"lj":1,"ml":4,"bm":0,"nm":"Traccia 1","mn":"ADBE Vector Graphic - Stroke","hd":false},{"ty":"fl","c":{"a":0,"k":[0.37254901960784315,0.5882352941176471,0.7058823529411765,1],"ix":4},"o":{"a":0,"k":100,"ix":5},"r":1,"bm":0,"nm":"Riempimento 1","mn":"ADBE Vector Graphic - Fill","hd":false},{"ty":"tr","p":{"a":0,"k":[0,0],"ix":2},"a":{"a":0,"k":[0,0],"ix":1},"s":{"a":0,"k":[100,100],"ix":3},"r":{"a":0,"k":0,"ix":6},"o":{"a":0,"k":100,"ix":7},"sk":{"a":0,"k":0,"ix":4},"sa":{"a":0,"k":0,"ix":5},"nm":"Trasformazione"}],"nm":"Forma 1","np":3,"cix":2,"bm":0,"ix":1,"mn":"ADBE Vector Group","hd":false}],"ip":0,"op":900,"st":0,"bm":0}]},{"id":"comp_1","layers":[{"ddd":0,"ind":1,"ty":4,"nm":"braccio contorni","sr":1,"ks":{"o":{"a":0,"k":100,"ix":11},"r":{"a":0,"k":0,"ix":10},"p":{"a":0,"k":[324.75,905.25,0],"ix":2,"l":2},"a":{"a":0,"k":[170,196,0],"ix":1,"l":2},"s":{"a":0,"k":[100,100,100],"ix":6,"l":2}},"ao":0,"shapes":[{"ty":"gr","it":[{"ind":0,"ty":"sh","ix":1,"ks":{"a":0,"k":{"i":[[0,0],[-68,24],[85,-40],[0,0]],"o":[[0,0],[68,-24],[-85,40],[0,0]],"v":[[-169.5,195.75],[101.5,-35.25],[78,-155.75],[-169.5,-5.027]],"c":true},"ix":2},"nm":"Tracciato 1","mn":"ADBE Vector Shape - Group","hd":false},{"ty":"fl","c":{"a":0,"k":[0.8,0.8,0.8,1],"ix":4},"o":{"a":0,"k":100,"ix":5},"r":1,"bm":0,"nm":"Riempimento 1","mn":"ADBE Vector Graphic - Fill","hd":false},{"ty":"tr","p":{"a":0,"k":[169.75,196],"ix":2},"a":{"a":0,"k":[0,0],"ix":1},"s":{"a":0,"k":[100,100],"ix":3},"r":{"a":0,"k":0,"ix":6},"o":{"a":0,"k":100,"ix":7},"sk":{"a":0,"k":0,"ix":4},"sa":{"a":0,"k":0,"ix":5},"nm":"Trasformazione"}],"nm":"Gruppo 1","np":4,"cix":2,"bm":0,"ix":1,"mn":"ADBE Vector Group","hd":false}],"ip":0,"op":760,"st":0,"bm":0},{"ddd":0,"ind":3,"ty":4,"nm":"mano contorni","sr":1,"ks":{"o":{"a":0,"k":100,"ix":11},"r":{"a":0,"k":0,"ix":10},"p":{"a":0,"k":[369.892,838.75,0],"ix":2,"l":2},"a":{"a":0,"k":[77.649,137.23,0],"ix":1,"l":2},"s":{"a":0,"k":[100,100,100],"ix":6,"l":2}},"ao":0,"shapes":[{"ty":"gr","it":[{"ind":0,"ty":"sh","ix":1,"ks":{"a":0,"k":{"i":[[-103.144,68.922],[-78,-18],[-42,-23],[-1.302,-9.763],[16.5,3.5],[42.985,-19.064]],"o":[[0,0],[78,18],[42,23],[2,15],[-34.586,-7.336],[-39.135,17.356]],"v":[[-88.249,-40.078],[53.393,-72.5],[149.393,-38.5],[179.393,42.5],[138.893,62],[-47.472,73.144]],"c":true},"ix":2},"nm":"Tracciato 1","mn":"ADBE Vector Shape - Group","hd":false},{"ty":"fl","c":{"a":0,"k":[0.8,0.8,0.8,1],"ix":4},"o":{"a":0,"k":100,"ix":5},"r":1,"bm":0,"nm":"Riempimento 1","mn":"ADBE Vector Graphic - Fill","hd":false},{"ty":"tr","p":{"a":0,"k":[191.643,90.75],"ix":2},"a":{"a":0,"k":[0,0],"ix":1},"s":{"a":0,"k":[100,100],"ix":3},"r":{"a":0,"k":0,"ix":6},"o":{"a":0,"k":100,"ix":7},"sk":{"a":0,"k":0,"ix":4},"sa":{"a":0,"k":0,"ix":5},"nm":"Trasformazione"}],"nm":"Gruppo 1","np":4,"cix":2,"bm":0,"ix":1,"mn":"ADBE Vector Group","hd":false}],"ip":0,"op":760,"st":0,"bm":0},{"ddd":0,"ind":5,"ty":4,"nm":"mignolo 3 contorni","parent":8,"sr":1,"ks":{"o":{"a":0,"k":100,"ix":11},"r":{"a":0,"k":0,"ix":10},"p":{"a":0,"k":[72.412,23.331,0],"ix":2,"l":2},"a":{"a":0,"k":[13.75,63.332,0],"ix":1,"l":2},"s":{"a":0,"k":[100,100,100],"ix":6,"l":2}},"ao":0,"shapes":[{"ty":"gr","it":[{"ind":0,"ty":"sh","ix":1,"ks":{"a":0,"k":{"i":[[-8.717,10.081],[0,0],[13,-5],[2.292,-9],[-3,-3]],"o":[[0,0],[0,0],[-13,5],[-2.292,9],[3,3]],"v":[[-8.717,31],[42,-25.082],[14,-36.082],[-39.708,8.918],[-36,25.919]],"c":true},"ix":2},"nm":"Tracciato 1","mn":"ADBE Vector Shape - Group","hd":false},{"ty":"fl","c":{"a":0,"k":[0.8,0.8,0.8,1],"ix":4},"o":{"a":0,"k":100,"ix":5},"r":1,"bm":0,"nm":"Riempimento 1","mn":"ADBE Vector Graphic - Fill","hd":false},{"ty":"tr","p":{"a":0,"k":[42.25,41.332],"ix":2},"a":{"a":0,"k":[0,0],"ix":1},"s":{"a":0,"k":[100,100],"ix":3},"r":{"a":0,"k":0,"ix":6},"o":{"a":0,"k":100,"ix":7},"sk":{"a":0,"k":0,"ix":4},"sa":{"a":0,"k":0,"ix":5},"nm":"Trasformazione"}],"nm":"Gruppo 1","np":4,"cix":2,"bm":0,"ix":1,"mn":"ADBE Vector Group","hd":false}],"ip":0,"op":760,"st":0,"bm":0},{"ddd":0,"ind":7,"ty":4,"nm":"mignolo 2 contorni","parent":10,"sr":1,"ks":{"o":{"a":0,"k":100,"ix":11},"r":{"a":1,"k":[{"i":{"x":[0.833],"y":[0.847]},"o":{"x":[0.167],"y":[0.167]},"t":0,"s":[-108]},{"t":44,"s":[-27]}],"ix":10},"p":{"a":0,"k":[81.454,25.002,0],"ix":2,"l":2},"a":{"a":0,"k":[11.413,65.922,0],"ix":1,"l":2},"s":{"a":0,"k":[100,100,100],"ix":6,"l":2}},"ao":0,"shapes":[{"ty":"gr","it":[{"ind":0,"ty":"sh","ix":1,"ks":{"a":0,"k":{"i":[[-3.023,2.221],[0,0],[-0.873,2.466],[7.665,6.388],[4.293,-3],[11.872,-7.963],[-0.9,-5.008],[-1.215,-2.111],[-9.107,-2.017]],"o":[[0,0],[2.108,-1.549],[1.653,-4.666],[-12,-10],[-3.632,2.539],[-4.226,2.835],[0.325,1.802],[4.615,8.009],[3.662,0.811]],"v":[[-16.77,37.111],[41.025,-5.354],[45.608,-11.507],[40.499,-30.173],[12.79,-30.173],[-41.621,6.434],[-47.264,19.32],[-45.042,25.212],[-27.296,39.361]],"c":true},"ix":2},"nm":"Tracciato 1","mn":"ADBE Vector Shape - Group","hd":false},{"ty":"fl","c":{"a":0,"k":[0.8,0.8,0.8,1],"ix":4},"o":{"a":0,"k":100,"ix":5},"r":1,"bm":0,"nm":"Riempimento 1","mn":"ADBE Vector Graphic - Fill","hd":false},{"ty":"tr","p":{"a":0,"k":[48.413,40.422],"ix":2},"a":{"a":0,"k":[0,0],"ix":1},"s":{"a":0,"k":[100,100],"ix":3},"r":{"a":0,"k":0,"ix":6},"o":{"a":0,"k":100,"ix":7},"sk":{"a":0,"k":0,"ix":4},"sa":{"a":0,"k":0,"ix":5},"nm":"Trasformazione"}],"nm":"Gruppo 1","np":4,"cix":2,"bm":0,"ix":1,"mn":"ADBE Vector Group","hd":false}],"ip":0,"op":760,"st":0,"bm":0},{"ddd":0,"ind":8,"ty":3,"nm":"mignolo 2","parent":10,"sr":1,"ks":{"o":{"a":0,"k":100,"ix":11},"r":{"a":1,"k":[{"i":{"x":[0.833],"y":[0.847]},"o":{"x":[0.167],"y":[0.167]},"t":0,"s":[-108]},{"t":44,"s":[-27]}],"ix":10},"p":{"a":0,"k":[81.454,25.002,0],"ix":2,"l":2},"a":{"a":0,"k":[11.413,65.922,0],"ix":1,"l":2},"s":{"a":0,"k":[100,100,100],"ix":6,"l":2}},"ao":0,"ip":0,"op":760,"st":0,"bm":0},{"ddd":0,"ind":9,"ty":4,"nm":"mignolo 1 contorni","sr":1,"ks":{"o":{"a":0,"k":100,"ix":11},"r":{"a":1,"k":[{"i":{"x":[0.833],"y":[0.847]},"o":{"x":[0.167],"y":[0.167]},"t":0,"s":[-23]},{"t":44,"s":[14]}],"ix":10},"p":{"a":0,"k":[636.542,800.72,0],"ix":2,"l":2},"a":{"a":0,"k":[22.994,62.549,0],"ix":1,"l":2},"s":{"a":0,"k":[100,100,100],"ix":6,"l":2}},"ao":0,"shapes":[{"ty":"gr","it":[{"ind":0,"ty":"sh","ix":1,"ks":{"a":0,"k":{"i":[[-17.53,-8.983],[0,0],[12.095,16.694],[15.291,-8.083],[5.49,-8.71],[-3.607,-7.211]],"o":[[0,0],[0,0],[-12.096,-16.695],[-15.29,8.083],[-5.49,8.71],[3.606,7.21]],"v":[[-31.389,43.799],[29.954,3.129],[44.649,-27.104],[10.737,-32.905],[-45.819,-3.071],[-53.137,20.561]],"c":true},"ix":2},"nm":"Tracciato 1","mn":"ADBE Vector Shape - Group","hd":false},{"ty":"fl","c":{"a":0,"k":[0.8,0.8,0.8,1],"ix":4},"o":{"a":0,"k":100,"ix":5},"r":1,"bm":0,"nm":"Riempimento 1","mn":"ADBE Vector Graphic - Fill","hd":false},{"ty":"tr","p":{"a":0,"k":[56.994,44.049],"ix":2},"a":{"a":0,"k":[0,0],"ix":1},"s":{"a":0,"k":[100,100],"ix":3},"r":{"a":0,"k":0,"ix":6},"o":{"a":0,"k":100,"ix":7},"sk":{"a":0,"k":0,"ix":4},"sa":{"a":0,"k":0,"ix":5},"nm":"Trasformazione"}],"nm":"Gruppo 1","np":4,"cix":2,"bm":0,"ix":1,"mn":"ADBE Vector Group","hd":false}],"ip":0,"op":760,"st":0,"bm":0},{"ddd":0,"ind":10,"ty":3,"nm":"mignolo 1","sr":1,"ks":{"o":{"a":0,"k":100,"ix":11},"r":{"a":1,"k":[{"i":{"x":[0.833],"y":[0.847]},"o":{"x":[0.167],"y":[0.167]},"t":0,"s":[-23]},{"t":44,"s":[14]}],"ix":10},"p":{"a":0,"k":[636.542,800.72,0],"ix":2,"l":2},"a":{"a":0,"k":[22.994,62.549,0],"ix":1,"l":2},"s":{"a":0,"k":[100,100,100],"ix":6,"l":2}},"ao":0,"ip":0,"op":760,"st":0,"bm":0},{"ddd":0,"ind":11,"ty":4,"nm":"anulare 3 contorni","parent":14,"sr":1,"ks":{"o":{"a":0,"k":100,"ix":11},"r":{"a":0,"k":0,"ix":10},"p":{"a":0,"k":[79.405,19.457,0],"ix":2,"l":2},"a":{"a":0,"k":[14.892,69.765,0],"ix":1,"l":2},"s":{"a":0,"k":[100,100,100],"ix":6,"l":2}},"ao":0,"shapes":[{"ty":"gr","it":[{"ind":0,"ty":"sh","ix":1,"ks":{"a":0,"k":{"i":[[-7.92,10.719],[0,0],[12.579,-5.98],[2.625,-7.723],[-3.221,-2.762]],"o":[[0,0],[0,0],[-12.58,5.98],[-2.988,8.794],[3.221,2.762]],"v":[[-5.349,31.942],[40.927,-27.855],[12.168,-36.681],[-37.94,12.296],[-32.942,28.963]],"c":true},"ix":2},"nm":"Tracciato 1","mn":"ADBE Vector Shape - Group","hd":false},{"ty":"fl","c":{"a":0,"k":[0.8,0.8,0.8,1],"ix":4},"o":{"a":0,"k":100,"ix":5},"r":1,"bm":0,"nm":"Riempimento 1","mn":"ADBE Vector Graphic - Fill","hd":false},{"ty":"tr","p":{"a":0,"k":[41.177,42.911],"ix":2},"a":{"a":0,"k":[0,0],"ix":1},"s":{"a":0,"k":[100,100],"ix":3},"r":{"a":0,"k":0,"ix":6},"o":{"a":0,"k":100,"ix":7},"sk":{"a":0,"k":0,"ix":4},"sa":{"a":0,"k":0,"ix":5},"nm":"Trasformazione"}],"nm":"Gruppo 1","np":4,"cix":2,"bm":0,"ix":1,"mn":"ADBE Vector Group","hd":false}],"ip":0,"op":760,"st":0,"bm":0},{"ddd":0,"ind":13,"ty":4,"nm":"anulare 2 contorni","parent":16,"sr":1,"ks":{"o":{"a":0,"k":100,"ix":11},"r":{"a":1,"k":[{"i":{"x":[0.833],"y":[0.851]},"o":{"x":[0.167],"y":[0.167]},"t":0,"s":[-93]},{"t":34,"s":[-2]}],"ix":10},"p":{"a":0,"k":[129.205,26.897,0],"ix":2,"l":2},"a":{"a":0,"k":[20.256,63.004,0],"ix":1,"l":2},"s":{"a":0,"k":[100,100,100],"ix":6,"l":2}},"ao":0,"shapes":[{"ty":"gr","it":[{"ind":0,"ty":"sh","ix":1,"ks":{"a":0,"k":{"i":[[-5.405,3.802],[0,0],[-0.391,0.229],[12.222,12.874],[14.628,-8.345],[4.809,-8.189],[-4.146,-6.185],[-8.512,-4.978]],"o":[[0,0],[0.37,-0.261],[3.511,-2.059],[-13.334,-14.044],[-14.629,8.344],[-4.809,8.189],[3.156,4.708],[5.705,3.336]],"v":[[-18.29,37.871],[28.563,0.611],[29.703,-0.128],[41.549,-27.951],[7.297,-30.659],[-44.133,2.557],[-49.625,24.224],[-36.539,38.659]],"c":true},"ix":2},"nm":"Tracciato 1","mn":"ADBE Vector Shape - Group","hd":false},{"ty":"fl","c":{"a":0,"k":[0.8,0.8,0.8,1],"ix":4},"o":{"a":0,"k":100,"ix":5},"r":1,"bm":0,"nm":"Riempimento 1","mn":"ADBE Vector Graphic - Fill","hd":false},{"ty":"tr","p":{"a":0,"k":[54.021,42.245],"ix":2},"a":{"a":0,"k":[0,0],"ix":1},"s":{"a":0,"k":[100,100],"ix":3},"r":{"a":0,"k":0,"ix":6},"o":{"a":0,"k":100,"ix":7},"sk":{"a":0,"k":0,"ix":4},"sa":{"a":0,"k":0,"ix":5},"nm":"Trasformazione"}],"nm":"Gruppo 1","np":4,"cix":2,"bm":0,"ix":1,"mn":"ADBE Vector Group","hd":false}],"ip":0,"op":760,"st":0,"bm":0},{"ddd":0,"ind":14,"ty":3,"nm":"anulare 2","parent":16,"sr":1,"ks":{"o":{"a":0,"k":100,"ix":11},"r":{"a":1,"k":[{"i":{"x":[0.833],"y":[0.851]},"o":{"x":[0.167],"y":[0.167]},"t":0,"s":[-93]},{"t":34,"s":[-2]}],"ix":10},"p":{"a":0,"k":[129.205,26.897,0],"ix":2,"l":2},"a":{"a":0,"k":[20.256,63.004,0],"ix":1,"l":2},"s":{"a":0,"k":[100,100,100],"ix":6,"l":2}},"ao":0,"ip":0,"op":760,"st":0,"bm":0},{"ddd":0,"ind":15,"ty":4,"nm":"anulare 1 contorni","sr":1,"ks":{"o":{"a":0,"k":100,"ix":11},"r":{"a":1,"k":[{"i":{"x":[0.833],"y":[0.941]},"o":{"x":[0.167],"y":[0.167]},"t":15,"s":[-29]},{"t":34,"s":[-2]}],"ix":10},"p":{"a":0,"k":[647.029,844.391,0],"ix":2,"l":2},"a":{"a":0,"k":[6.665,98.711,0],"ix":1,"l":2},"s":{"a":0,"k":[100,100,100],"ix":6,"l":2}},"ao":0,"shapes":[{"ty":"gr","it":[{"ind":0,"ty":"sh","ix":1,"ks":{"a":0,"k":{"i":[[-4.408,2.187],[0,0],[-1.531,2.822],[9.481,8.889],[6.237,-2.921],[17.202,-7.674],[3.427,-5.141],[-1.349,-2.728],[-12.05,-3.87]],"o":[[0,0],[3.074,-1.525],[2.896,-5.341],[-14.844,-13.917],[-5.278,2.471],[-6.124,2.732],[-2,3],[5.12,10.352],[4.846,1.556]],"v":[[-26.535,40.227],[67.732,-9.577],[74.809,-16.238],[70.52,-39.463],[32.99,-43.869],[-55.87,-0.564],[-67.951,12.825],[-69.951,25.825],[-67.951,51.825]],"c":true},"ix":2},"nm":"Tracciato 1","mn":"ADBE Vector Shape - Group","hd":false},{"ty":"fl","c":{"a":0,"k":[0.8,0.8,0.8,1],"ix":4},"o":{"a":0,"k":100,"ix":5},"r":1,"bm":0,"nm":"Riempimento 1","mn":"ADBE Vector Graphic - Fill","hd":false},{"ty":"tr","p":{"a":0,"k":[80.25,53.63],"ix":2},"a":{"a":0,"k":[0,0],"ix":1},"s":{"a":0,"k":[100,100],"ix":3},"r":{"a":0,"k":0,"ix":6},"o":{"a":0,"k":100,"ix":7},"sk":{"a":0,"k":0,"ix":4},"sa":{"a":0,"k":0,"ix":5},"nm":"Trasformazione"}],"nm":"Gruppo 1","np":4,"cix":2,"bm":0,"ix":1,"mn":"ADBE Vector Group","hd":false}],"ip":0,"op":760,"st":0,"bm":0},{"ddd":0,"ind":16,"ty":3,"nm":"anulare 1","sr":1,"ks":{"o":{"a":0,"k":100,"ix":11},"r":{"a":1,"k":[{"i":{"x":[0.833],"y":[0.941]},"o":{"x":[0.167],"y":[0.167]},"t":15,"s":[-29]},{"t":34,"s":[-2]}],"ix":10},"p":{"a":0,"k":[647.029,844.391,0],"ix":2,"l":2},"a":{"a":0,"k":[6.665,98.711,0],"ix":1,"l":2},"s":{"a":0,"k":[100,100,100],"ix":6,"l":2}},"ao":0,"ip":0,"op":760,"st":0,"bm":0},{"ddd":0,"ind":17,"ty":4,"nm":"medio 3 contorni","parent":20,"sr":1,"ks":{"o":{"a":0,"k":100,"ix":11},"r":{"a":0,"k":0,"ix":10},"p":{"a":0,"k":[93.094,18.394,0],"ix":2,"l":2},"a":{"a":0,"k":[12.372,76.859,0],"ix":1,"l":2},"s":{"a":0,"k":[100,100,100],"ix":6,"l":2}},"ao":0,"shapes":[{"ty":"gr","it":[{"ind":0,"ty":"sh","ix":1,"ks":{"a":0,"k":{"i":[[-8.663,10.428],[0,0],[13.21,-7.295],[4.991,-6.846],[-3.559,-2.523]],"o":[[0,0],[0,0],[-14.909,8.234],[-5.245,7.197],[3.558,2.523]],"v":[[-14.898,35.18],[50.122,-28.314],[16.122,-38.314],[-44.878,13.686],[-45.282,33.208]],"c":true},"ix":2},"nm":"Tracciato 1","mn":"ADBE Vector Shape - Group","hd":false},{"ty":"fl","c":{"a":0,"k":[0.860000011968,0.860000011968,0.860000011968,1],"ix":4},"o":{"a":0,"k":100,"ix":5},"r":1,"bm":0,"nm":"Riempimento 1","mn":"ADBE Vector Graphic - Fill","hd":false},{"ty":"tr","p":{"a":0,"k":[50.373,45.859],"ix":2},"a":{"a":0,"k":[0,0],"ix":1},"s":{"a":0,"k":[100,100],"ix":3},"r":{"a":0,"k":0,"ix":6},"o":{"a":0,"k":100,"ix":7},"sk":{"a":0,"k":0,"ix":4},"sa":{"a":0,"k":0,"ix":5},"nm":"Trasformazione"}],"nm":"Gruppo 1","np":4,"cix":2,"bm":0,"ix":1,"mn":"ADBE Vector Group","hd":false}],"ip":0,"op":760,"st":0,"bm":0},{"ddd":0,"ind":19,"ty":4,"nm":"medio 2 contorni","parent":22,"sr":1,"ks":{"o":{"a":0,"k":100,"ix":11},"r":{"a":1,"k":[{"i":{"x":[0.833],"y":[0.833]},"o":{"x":[0.167],"y":[0.167]},"t":0,"s":[-107]},{"t":24,"s":[9]}],"ix":10},"p":{"a":0,"k":[144.925,27.875,0],"ix":2,"l":2},"a":{"a":0,"k":[27.893,69.263,0],"ix":1,"l":2},"s":{"a":0,"k":[100,100,100],"ix":6,"l":2}},"ao":0,"shapes":[{"ty":"gr","it":[{"ind":0,"ty":"sh","ix":1,"ks":{"a":0,"k":{"i":[[-21.532,-4.351],[0,0],[16.409,11.452],[16.427,-9.02],[5.04,-7.914],[-5.224,-5.212]],"o":[[0,0],[0,0],[-16.407,-11.451],[-16.428,9.02],[-5.04,7.914],[5.222,5.212]],"v":[[-29.918,40.513],[34.768,-2.309],[47.233,-29.062],[7.293,-28.159],[-53.479,5.154],[-58.418,25.38]],"c":true},"ix":2},"nm":"Tracciato 1","mn":"ADBE Vector Shape - Group","hd":false},{"ty":"fl","c":{"a":0,"k":[0.860000011968,0.860000011968,0.860000011968,1],"ix":4},"o":{"a":0,"k":100,"ix":5},"r":1,"bm":0,"nm":"Riempimento 1","mn":"ADBE Vector Graphic - Fill","hd":false},{"ty":"tr","p":{"a":0,"k":[63.893,40.764],"ix":2},"a":{"a":0,"k":[0,0],"ix":1},"s":{"a":0,"k":[100,100],"ix":3},"r":{"a":0,"k":0,"ix":6},"o":{"a":0,"k":100,"ix":7},"sk":{"a":0,"k":0,"ix":4},"sa":{"a":0,"k":0,"ix":5},"nm":"Trasformazione"}],"nm":"Gruppo 1","np":4,"cix":2,"bm":0,"ix":1,"mn":"ADBE Vector Group","hd":false}],"ip":0,"op":760,"st":0,"bm":0},{"ddd":0,"ind":20,"ty":3,"nm":"medio 2","parent":22,"sr":1,"ks":{"o":{"a":0,"k":100,"ix":11},"r":{"a":1,"k":[{"i":{"x":[0.833],"y":[0.833]},"o":{"x":[0.167],"y":[0.167]},"t":0,"s":[-107]},{"t":24,"s":[9]}],"ix":10},"p":{"a":0,"k":[144.925,27.875,0],"ix":2,"l":2},"a":{"a":0,"k":[27.893,69.263,0],"ix":1,"l":2},"s":{"a":0,"k":[100,100,100],"ix":6,"l":2}},"ao":0,"ip":0,"op":760,"st":0,"bm":0},{"ddd":0,"ind":21,"ty":4,"nm":"medio 1 contorni","sr":1,"ks":{"o":{"a":0,"k":100,"ix":11},"r":{"a":1,"k":[{"i":{"x":[0.833],"y":[0.833]},"o":{"x":[0.167],"y":[0.167]},"t":0,"s":[-48]},{"t":24,"s":[-6]}],"ix":10},"p":{"a":0,"k":[656.485,844.115,0],"ix":2,"l":2},"a":{"a":0,"k":[25.234,63.306,0],"ix":1,"l":2},"s":{"a":0,"k":[100,100,100],"ix":6,"l":2}},"ao":0,"shapes":[{"ty":"gr","it":[{"ind":0,"ty":"sh","ix":1,"ks":{"a":0,"k":{"i":[[-5.307,1.343],[0,0],[-2.044,2.446],[10.092,10.153],[7.492,-1.733],[20.629,-4.417],[0.006,-5.996],[-1.294,-2.849],[-13.55,-5.777]],"o":[[0,0],[3.701,-0.937],[3.867,-4.627],[-15.801,-15.895],[-6.34,1.467],[-7.343,1.572],[-0.002,2.158],[4.909,10.81],[5.449,2.324]],"v":[[-37.701,34.213],[63.761,8.537],[72.587,3.357],[69.892,-19.662],[26.947,-30.317],[-67.631,-9.949],[-79.982,2.417],[-78.186,9.917],[-54.645,32.702]],"c":true},"ix":2},"nm":"Tracciato 1","mn":"ADBE Vector Shape - Group","hd":false},{"ty":"fl","c":{"a":0,"k":[0.860000011968,0.860000011968,0.860000011968,1],"ix":4},"o":{"a":0,"k":100,"ix":5},"r":1,"bm":0,"nm":"Riempimento 1","mn":"ADBE Vector Graphic - Fill","hd":false},{"ty":"tr","p":{"a":0,"k":[80.234,35.807],"ix":2},"a":{"a":0,"k":[0,0],"ix":1},"s":{"a":0,"k":[100,100],"ix":3},"r":{"a":0,"k":0,"ix":6},"o":{"a":0,"k":100,"ix":7},"sk":{"a":0,"k":0,"ix":4},"sa":{"a":0,"k":0,"ix":5},"nm":"Trasformazione"}],"nm":"Gruppo 1","np":4,"cix":2,"bm":0,"ix":1,"mn":"ADBE Vector Group","hd":false}],"ip":0,"op":760,"st":0,"bm":0},{"ddd":0,"ind":22,"ty":3,"nm":"medio 1","sr":1,"ks":{"o":{"a":0,"k":100,"ix":11},"r":{"a":1,"k":[{"i":{"x":[0.833],"y":[0.833]},"o":{"x":[0.167],"y":[0.167]},"t":0,"s":[-48]},{"t":24,"s":[-6]}],"ix":10},"p":{"a":0,"k":[656.485,844.115,0],"ix":2,"l":2},"a":{"a":0,"k":[25.234,63.306,0],"ix":1,"l":2},"s":{"a":0,"k":[100,100,100],"ix":6,"l":2}},"ao":0,"ip":0,"op":760,"st":0,"bm":0},{"ddd":0,"ind":23,"ty":4,"nm":"indice 3 contorni","parent":26,"sr":1,"ks":{"o":{"a":0,"k":100,"ix":11},"r":{"a":0,"k":0,"ix":10},"p":{"a":0,"k":[75.513,18.604,0],"ix":2,"l":2},"a":{"a":0,"k":[2.011,47.536,0],"ix":1,"l":2},"s":{"a":0,"k":[100,100,100],"ix":6,"l":2}},"ao":0,"shapes":[{"ty":"gr","it":[{"ind":0,"ty":"sh","ix":1,"ks":{"a":0,"k":{"i":[[-22.257,13.211],[0,0],[13.171,-0.204],[4.966,-7.244],[-1.686,-3.641]],"o":[[0,0],[0,0],[-13.17,0.204],[-4.967,7.244],[1.686,3.64]],"v":[[-20.037,18.574],[43.261,-14.695],[23.985,-31.581],[-38.294,-3.214],[-40.604,7.175]],"c":true},"ix":2},"nm":"Tracciato 1","mn":"ADBE Vector Shape - Group","hd":false},{"ty":"fl","c":{"a":0,"k":[0.9,0.9,0.9,1],"ix":4},"o":{"a":0,"k":100,"ix":5},"r":1,"bm":0,"nm":"Riempimento 1","mn":"ADBE Vector Graphic - Fill","hd":false},{"ty":"tr","p":{"a":0,"k":[43.511,32.036],"ix":2},"a":{"a":0,"k":[0,0],"ix":1},"s":{"a":0,"k":[100,100],"ix":3},"r":{"a":0,"k":0,"ix":6},"o":{"a":0,"k":100,"ix":7},"sk":{"a":0,"k":0,"ix":4},"sa":{"a":0,"k":0,"ix":5},"nm":"Trasformazione"}],"nm":"Gruppo 1","np":4,"cix":2,"bm":0,"ix":1,"mn":"ADBE Vector Group","hd":false}],"ip":0,"op":760,"st":0,"bm":0},{"ddd":0,"ind":25,"ty":4,"nm":"indice 2 contorni","parent":28,"sr":1,"ks":{"o":{"a":0,"k":100,"ix":11},"r":{"a":1,"k":[{"i":{"x":[0.833],"y":[0.833]},"o":{"x":[0.167],"y":[0.167]},"t":0,"s":[-105]},{"t":18,"s":[-3]}],"ix":10},"p":{"a":0,"k":[101.801,23.457,0],"ix":2,"l":2},"a":{"a":0,"k":[6.529,39.711,0],"ix":1,"l":2},"s":{"a":0,"k":[100,100,100],"ix":6,"l":2}},"ao":0,"shapes":[{"ty":"gr","it":[{"ind":0,"ty":"sh","ix":1,"ks":{"a":0,"k":{"i":[[-3.359,1.141],[0,0],[-1.49,1.974],[5.09,7.945],[4.726,-1.481],[12.975,-3.795],[0.615,-4.773],[-0.494,-2.25],[-7.637,-4.415]],"o":[[0,0],[2.342,-0.796],[2.821,-3.737],[-7.97,-12.438],[-3.999,1.254],[-4.619,1.351],[-0.222,1.717],[1.877,8.539],[3.071,1.776]],"v":[[-28.635,23.819],[35.587,2.007],[41.474,-2.236],[44.189,-12.522],[19.204,-20.422],[-40.296,-2.928],[-49.057,7.082],[-48.734,13.027],[-38.768,22.846]],"c":true},"ix":2},"nm":"Tracciato 1","mn":"ADBE Vector Shape - Group","hd":false},{"ty":"fl","c":{"a":0,"k":[0.9,0.9,0.9,1],"ix":4},"o":{"a":0,"k":100,"ix":5},"r":1,"bm":0,"nm":"Riempimento 1","mn":"ADBE Vector Graphic - Fill","hd":false},{"ty":"tr","p":{"a":0,"k":[49.529,25.211],"ix":2},"a":{"a":0,"k":[0,0],"ix":1},"s":{"a":0,"k":[100,100],"ix":3},"r":{"a":0,"k":0,"ix":6},"o":{"a":0,"k":100,"ix":7},"sk":{"a":0,"k":0,"ix":4},"sa":{"a":0,"k":0,"ix":5},"nm":"Trasformazione"}],"nm":"Gruppo 1","np":4,"cix":2,"bm":0,"ix":1,"mn":"ADBE Vector Group","hd":false}],"ip":0,"op":760,"st":0,"bm":0},{"ddd":0,"ind":26,"ty":3,"nm":"indice 2","parent":28,"sr":1,"ks":{"o":{"a":0,"k":100,"ix":11},"r":{"a":1,"k":[{"i":{"x":[0.833],"y":[0.833]},"o":{"x":[0.167],"y":[0.167]},"t":0,"s":[-105]},{"t":18,"s":[-3]}],"ix":10},"p":{"a":0,"k":[101.801,23.457,0],"ix":2,"l":2},"a":{"a":0,"k":[6.529,39.711,0],"ix":1,"l":2},"s":{"a":0,"k":[100,100,100],"ix":6,"l":2}},"ao":0,"ip":0,"op":760,"st":0,"bm":0},{"ddd":0,"ind":27,"ty":4,"nm":"indice 1 contorni","sr":1,"ks":{"o":{"a":0,"k":100,"ix":11},"r":{"a":1,"k":[{"i":{"x":[0.833],"y":[0.833]},"o":{"x":[0.167],"y":[0.167]},"t":0,"s":[-47]},{"t":18,"s":[0]}],"ix":10},"p":{"a":0,"k":[656.678,837.509,0],"ix":2,"l":2},"a":{"a":0,"k":[10.869,34.252,0],"ix":1,"l":2},"s":{"a":0,"k":[100,100,100],"ix":6,"l":2}},"ao":0,"shapes":[{"ty":"gr","it":[{"ind":0,"ty":"sh","ix":1,"ks":{"a":0,"k":{"i":[[-10.898,-15.108],[0,0],[4.937,18.861],[16.355,-0.228],[8.371,-4.973],[0.064,-7.624]],"o":[[0,0],[0,0],[-3.317,-12.675],[-16.355,0.229],[-8.371,4.973],[-0.065,7.625]],"v":[[-51.178,22.491],[31.756,11.305],[57.139,-7.834],[29.076,-18.31],[-31.39,-17.518],[-45.72,-9.765]],"c":true},"ix":2},"nm":"Tracciato 1","mn":"ADBE Vector Shape - Group","hd":false},{"ty":"fl","c":{"a":0,"k":[0.9,0.9,0.9,1],"ix":4},"o":{"a":0,"k":100,"ix":5},"r":1,"bm":0,"nm":"Riempimento 1","mn":"ADBE Vector Graphic - Fill","hd":false},{"ty":"tr","p":{"a":0,"k":[62.326,22.741],"ix":2},"a":{"a":0,"k":[0,0],"ix":1},"s":{"a":0,"k":[100,100],"ix":3},"r":{"a":0,"k":0,"ix":6},"o":{"a":0,"k":100,"ix":7},"sk":{"a":0,"k":0,"ix":4},"sa":{"a":0,"k":0,"ix":5},"nm":"Trasformazione"}],"nm":"Gruppo 1","np":4,"cix":2,"bm":0,"ix":1,"mn":"ADBE Vector Group","hd":false}],"ip":0,"op":760,"st":0,"bm":0},{"ddd":0,"ind":28,"ty":3,"nm":"indice 1","sr":1,"ks":{"o":{"a":0,"k":100,"ix":11},"r":{"a":1,"k":[{"i":{"x":[0.833],"y":[0.833]},"o":{"x":[0.167],"y":[0.167]},"t":0,"s":[-47]},{"t":18,"s":[0]}],"ix":10},"p":{"a":0,"k":[656.678,837.509,0],"ix":2,"l":2},"a":{"a":0,"k":[10.869,34.252,0],"ix":1,"l":2},"s":{"a":0,"k":[100,100,100],"ix":6,"l":2}},"ao":0,"ip":0,"op":760,"st":0,"bm":0}]}],"layers":[{"ddd":0,"ind":1,"ty":0,"nm":"prova","refId":"comp_0","sr":1,"ks":{"o":{"a":0,"k":100,"ix":11},"r":{"a":0,"k":0,"ix":10},"p":{"a":0,"k":[606,396,0],"ix":2,"l":2},"a":{"a":0,"k":[907.403,652.208,0],"ix":1,"l":2},"s":{"a":1,"k":[{"i":{"x":[0.833,0.833,0.833],"y":[0.833,0.833,0.833]},"o":{"x":[0.167,0.167,0.167],"y":[0.167,0.167,0.167]},"t":53,"s":[0,0,100]},{"t":65,"s":[56.52,56.52,100]}],"ix":6,"l":2}},"ao":0,"w":1920,"h":1080,"ip":-4,"op":896,"st":-4,"bm":0},{"ddd":0,"ind":2,"ty":4,"nm":"Livello forma 3","sr":1,"ks":{"o":{"a":0,"k":100,"ix":11},"r":{"a":0,"k":19,"ix":10},"p":{"a":0,"k":[611,533,0],"ix":2,"l":2},"a":{"a":0,"k":[-22,-23,0],"ix":1,"l":2},"s":{"a":1,"k":[{"i":{"x":[0.833,0.833,0.833],"y":[0.833,0.833,0.833]},"o":{"x":[0.167,0.167,0.167],"y":[0.167,0.167,0.167]},"t":38,"s":[0,0,100]},{"t":49,"s":[38,38,100]}],"ix":6,"l":2}},"ao":0,"shapes":[{"ty":"gr","it":[{"ind":0,"ty":"sh","ix":1,"ks":{"a":0,"k":{"i":[[0,0],[40.48,-21.145],[-35.5,-34.5],[-21.202,45.019]],"o":[[0,0],[-44.825,23.414],[30.43,29.573],[20.836,-44.242]],"v":[[110.5,-160],[30.519,-140.921],[-17.5,-26.5],[92.43,-66.21]],"c":true},"ix":2},"nm":"Tracciato 1","mn":"ADBE Vector Shape - Group","hd":false},{"ty":"st","c":{"a":0,"k":[0.37254901960784315,0.5882352941176471,0.7058823529411765,1],"ix":3},"o":{"a":0,"k":100,"ix":4},"w":{"a":0,"k":12,"ix":5},"lc":1,"lj":1,"ml":4,"bm":0,"nm":"Traccia 1","mn":"ADBE Vector Graphic - Stroke","hd":false},{"ty":"fl","c":{"a":0,"k":[0.37254901960784315,0.5882352941176471,0.7058823529411765,1],"ix":4},"o":{"a":0,"k":100,"ix":5},"r":1,"bm":0,"nm":"Riempimento 1","mn":"ADBE Vector Graphic - Fill","hd":false},{"ty":"tr","p":{"a":0,"k":[-17.078,-27.539],"ix":2},"a":{"a":0,"k":[-17.078,-27.539],"ix":1},"s":{"a":0,"k":[100,100],"ix":3},"r":{"a":0,"k":0,"ix":6},"o":{"a":0,"k":100,"ix":7},"sk":{"a":0,"k":0,"ix":4},"sa":{"a":0,"k":0,"ix":5},"nm":"Trasformazione"}],"nm":"Forma 1","np":3,"cix":2,"bm":0,"ix":1,"mn":"ADBE Vector Group","hd":false}],"ip":0,"op":760,"st":0,"bm":0},{"ddd":0,"ind":3,"ty":4,"nm":"Livello forma 2","sr":1,"ks":{"o":{"a":0,"k":100,"ix":11},"r":{"a":0,"k":-115,"ix":10},"p":{"a":0,"k":[584,444.00000000000006,0],"ix":2,"l":2},"a":{"a":0,"k":[-22,-23,0],"ix":1,"l":2},"s":{"a":1,"k":[{"i":{"x":[0.833,0.833,0.833],"y":[0.833,0.833,0.833]},"o":{"x":[0.167,0.167,0.167],"y":[0.167,0.167,0.167]},"t":45,"s":[0,0,100]},{"t":58,"s":[54,54,100]}],"ix":6,"l":2}},"ao":0,"shapes":[{"ty":"gr","it":[{"ind":0,"ty":"sh","ix":1,"ks":{"a":0,"k":{"i":[[0,0],[40.48,-21.145],[-35.5,-34.5],[-21.202,45.019]],"o":[[0,0],[-44.825,23.414],[30.43,29.573],[20.836,-44.242]],"v":[[110.5,-160],[30.519,-140.921],[-17.5,-26.5],[92.43,-66.21]],"c":true},"ix":2},"nm":"Tracciato 1","mn":"ADBE Vector Shape - Group","hd":false},{"ty":"st","c":{"a":0,"k":[0.37254901960784315,0.5882352941176471,0.7058823529411765,1],"ix":3},"o":{"a":0,"k":100,"ix":4},"w":{"a":0,"k":12,"ix":5},"lc":1,"lj":1,"ml":4,"bm":0,"nm":"Traccia 1","mn":"ADBE Vector Graphic - Stroke","hd":false},{"ty":"fl","c":{"a":0,"k":[0.37254901960784315,0.5882352941176471,0.7058823529411765,1],"ix":4},"o":{"a":0,"k":100,"ix":5},"r":1,"bm":0,"nm":"Riempimento 1","mn":"ADBE Vector Graphic - Fill","hd":false},{"ty":"tr","p":{"a":0,"k":[-17.078,-27.539],"ix":2},"a":{"a":0,"k":[-17.078,-27.539],"ix":1},"s":{"a":0,"k":[100,100],"ix":3},"r":{"a":0,"k":0,"ix":6},"o":{"a":0,"k":100,"ix":7},"sk":{"a":0,"k":0,"ix":4},"sa":{"a":0,"k":0,"ix":5},"nm":"Trasformazione"}],"nm":"Forma 1","np":3,"cix":2,"bm":0,"ix":1,"mn":"ADBE Vector Group","hd":false}],"ip":0,"op":760,"st":0,"bm":0},{"ddd":0,"ind":4,"ty":4,"nm":"Livello forma 1","sr":1,"ks":{"o":{"a":0,"k":100,"ix":11},"r":{"a":0,"k":0,"ix":10},"p":{"a":0,"k":[638.5,431.50000000000006,0],"ix":2,"l":2},"a":{"a":0,"k":[0,0,0],"ix":1,"l":2},"s":{"a":0,"k":[92.819,100,100],"ix":6,"l":2}},"ao":0,"shapes":[{"ty":"gr","it":[{"ind":0,"ty":"sh","ix":1,"ks":{"a":0,"k":{"i":[[0,0],[30,36],[-28,24]],"o":[[0,0],[-30,-36],[28,-24]],"v":[[-45,172.5],[-40,72],[-36,-34]],"c":false},"ix":2},"nm":"Tracciato 1","mn":"ADBE Vector Shape - Group","hd":false},{"ty":"st","c":{"a":0,"k":[0.37254901960784315,0.5882352941176471,0.7058823529411765,1],"ix":3},"o":{"a":0,"k":100,"ix":4},"w":{"a":0,"k":12,"ix":5},"lc":2,"lj":2,"bm":0,"nm":"Traccia 1","mn":"ADBE Vector Graphic - Stroke","hd":false},{"ty":"tr","p":{"a":0,"k":[0,0],"ix":2},"a":{"a":0,"k":[0,0],"ix":1},"s":{"a":0,"k":[100,100],"ix":3},"r":{"a":0,"k":0,"ix":6},"o":{"a":0,"k":100,"ix":7},"sk":{"a":0,"k":0,"ix":4},"sa":{"a":0,"k":0,"ix":5},"nm":"Trasformazione"}],"nm":"Forma 1","np":2,"cix":2,"bm":0,"ix":1,"mn":"ADBE Vector Group","hd":false},{"ty":"tm","s":{"a":0,"k":0,"ix":1},"e":{"a":1,"k":[{"i":{"x":[0.833],"y":[0.833]},"o":{"x":[0.167],"y":[0.167]},"t":25,"s":[0]},{"t":47,"s":[100]}],"ix":2},"o":{"a":0,"k":0,"ix":3},"m":1,"ix":2,"nm":"Taglia tracciati 1","mn":"ADBE Vector Filter - Trim","hd":false}],"ip":0,"op":760,"st":0,"bm":0},{"ddd":0,"ind":5,"ty":0,"nm":"mano","refId":"comp_1","sr":1,"ks":{"o":{"a":0,"k":100,"ix":11},"r":{"a":0,"k":0,"ix":10},"p":{"a":0,"k":[516,360,0],"ix":2,"l":2},"a":{"a":0,"k":[600,600,0],"ix":1,"l":2},"s":{"a":0,"k":[144.667,144.667,100],"ix":6,"l":2}},"ao":0,"w":1200,"h":1200,"ip":0,"op":760,"st":0,"bm":0}],"markers":[]}